Heart_Rate_Variability,Body_Temperature,Movement_During_Sleep,Sleep_Duration_Hours,Sleep_Quality_Score,Caffeine_Intake_mg,Stress_Level,Bedtime_Consistency,Light_Exposure_hours
76.22,36.46,1.31,8.04,5.72,157.45,6.83,0.04,11.52
116.55,37.35,1.23,8.78,8.05,189.37,2.55,0.19,11.0
101.24,38.18,4.53,5.5,7.6,341.82,8.85,0.83,1.53
91.91,37.83,1.25,7.75,1.54,136.0,6.52,0.77,14.76
60.92,38.02,1.36,7.43,1.49,347.86,2.41,0.35,9.1
60.92,37.65,3.8,9.0,2.68,35.25,9.66,0.38,5.82
54.07,37.73,2.25,9.44,3.61,310.72,5.67,0.53,12.1
110.63,38.12,3.88,4.07,4.08,339.02,1.66,0.0,4.12
92.08,36.62,0.33,8.04,6.8,72.73,6.64,0.24,11.1
99.57,37.22,2.44,4.31,0.57,172.14,3.28,0.21,0.64
51.44,36.55,0.17,7.29,0.35,66.2,8.23,0.25,13.43
117.89,38.47,0.31,5.73,3.92,282.64,8.36,0.81,7.17
108.27,38.36,4.53,5.84,6.97,214.14,9.81,0.28,10.19
64.86,36.1,0.7,6.12,1.93,254.13,5.52,0.19,3.54
62.73,37.76,2.66,7.73,6.42,78.59,5.09,0.5,10.83
62.84,38.31,2.06,6.0,2.6,84.7,7.78,0.87,12.36
71.3,36.45,1.74,8.4,8.86,16.6,2.19,0.24,7.57
86.73,37.42,4.5,6.43,8.96,128.83,5.92,0.08,9.88
80.24,38.29,0.11,4.41,2.97,223.9,5.92,0.36,7.3
70.39,36.08,3.32,8.7,2.3,343.17,1.81,0.75,14.31
92.83,37.74,4.82,5.71,4.11,266.77,4.76,0.55,7.97
59.76,36.74,2.8,6.6,2.41,174.16,8.68,0.82,13.47
70.45,38.31,4.68,8.11,6.72,381.25,8.71,0.96,12.82
75.65,38.43,0.26,5.99,8.26,287.7,1.89,0.79,6.57
81.92,38.36,2.09,4.34,6.73,372.07,1.82,0.6,3.68
104.96,37.19,1.3,6.24,8.24,211.04,3.36,0.49,6.5
63.98,38.16,3.65,9.67,3.97,103.56,8.87,0.04,13.22
86.0,38.11,4.91,7.85,1.56,21.13,2.16,0.98,3.64
91.47,36.8,1.28,8.03,7.38,290.43,7.48,0.38,8.39
53.25,38.07,3.27,7.79,3.6,48.52,1.91,0.15,12.9
92.53,36.09,0.99,5.19,6.71,121.11,6.61,0.67,5.66
61.94,37.49,2.83,6.51,2.71,212.99,4.2,0.28,10.28
54.55,36.58,2.32,8.51,0.81,225.77,8.1,0.59,3.93
116.42,36.3,4.86,4.61,9.93,240.23,3.1,0.59,1.75
117.59,36.19,3.04,5.67,1.56,66.5,6.75,0.45,12.71
106.59,37.74,1.75,5.66,9.88,151.89,3.12,0.84,1.58
71.32,36.85,0.57,6.59,9.77,246.88,7.42,0.26,4.34
56.84,37.81,0.76,9.88,7.94,387.93,8.86,0.45,13.68
97.9,36.16,1.13,4.41,6.59,291.05,2.14,0.54,5.54
80.81,36.79,1.25,7.11,5.78,369.04,8.8,0.66,15.57
58.54,37.35,4.25,5.08,8.66,304.88,6.34,0.78,15.68
84.66,37.98,2.81,9.82,2.89,236.69,2.14,0.39,4.29
52.41,36.8,2.62,4.68,4.68,76.81,4.85,0.65,0.66
113.65,37.56,0.57,6.42,6.19,266.67,2.45,0.15,11.28
68.11,38.21,4.3,8.43,4.11,249.35,7.3,0.93,7.22
96.38,37.54,3.61,8.23,4.27,240.99,7.83,0.38,1.61
71.82,36.58,0.34,6.54,3.3,195.91,1.95,0.73,11.32
86.4,36.06,3.54,6.08,5.64,211.46,5.56,0.02,0.5
88.27,38.18,2.72,6.39,8.51,133.78,8.33,0.21,13.92
62.94,36.05,0.41,5.59,2.02,207.73,9.43,0.49,2.22
117.87,38.19,2.29,5.23,9.34,79.02,5.62,0.88,2.04
104.26,37.32,2.42,6.9,6.89,322.07,9.55,0.53,2.81
115.76,38.35,0.83,5.61,8.23,74.31,5.82,0.93,15.36
112.64,38.0,4.73,5.72,5.56,33.99,4.55,0.48,11.09
91.85,38.49,4.25,7.94,7.8,174.5,8.63,0.49,12.82
114.53,36.88,3.35,9.81,0.16,263.32,5.44,0.12,6.36
56.19,37.92,2.31,7.62,8.18,175.09,5.25,0.8,5.38
63.72,37.0,2.06,4.46,0.4,110.7,5.41,0.25,3.75
53.17,37.2,3.25,4.45,8.9,223.27,8.62,0.9,7.69
72.77,37.57,2.73,9.71,9.92,138.8,8.49,0.91,8.83
77.21,38.18,0.31,5.78,2.94,373.15,4.63,0.94,10.11
68.99,38.46,2.56,4.55,2.1,369.06,4.0,0.52,4.11
108.01,37.92,4.03,7.59,7.65,200.95,5.43,0.68,15.18
74.97,37.04,2.3,7.74,2.53,131.15,6.15,0.78,2.72
69.67,37.05,0.26,7.89,8.66,294.85,3.15,0.13,15.45
87.99,37.84,3.93,5.6,1.03,14.69,8.15,0.6,0.24
59.86,36.6,1.01,4.09,1.26,189.91,5.38,0.03,7.7
106.15,36.28,1.29,9.79,9.79,134.53,4.01,0.5,5.33
55.22,36.89,0.82,5.51,6.74,368.21,1.96,0.15,7.19
119.08,36.72,1.65,8.06,8.47,4.8,3.15,0.18,9.13
104.06,36.74,3.78,8.24,3.24,221.13,9.54,0.37,6.97
63.91,36.58,2.6,7.66,6.76,296.27,3.75,0.43,6.64
50.39,36.11,1.02,5.88,5.94,194.01,2.52,0.62,11.72
107.08,36.04,4.39,5.63,6.03,34.16,5.15,0.07,10.97
99.48,38.47,4.4,7.59,6.83,388.98,3.76,0.5,13.33
101.03,37.07,4.35,9.2,5.75,207.2,1.32,0.18,4.0
103.99,36.96,1.19,9.68,4.29,245.67,3.91,0.57,9.75
55.18,37.7,2.26,4.64,2.76,94.64,5.9,0.64,9.36
75.09,36.55,4.92,4.93,7.69,193.4,5.97,0.56,5.92
58.11,38.37,3.86,9.67,2.26,171.66,4.21,0.74,7.78
110.42,37.97,0.14,8.42,6.92,29.96,5.03,0.34,5.02
93.63,36.22,0.33,9.3,2.33,42.46,9.69,0.77,2.27
73.16,37.04,2.32,5.22,6.25,334.99,4.4,0.43,3.42
54.45,38.2,4.55,7.53,7.47,95.93,3.32,0.48,1.69
71.77,38.36,2.69,8.21,2.19,77.98,3.19,0.65,10.93
72.76,37.17,2.49,8.08,0.6,201.96,5.12,0.02,10.57
101.07,37.53,0.53,6.45,1.31,307.5,7.84,0.65,15.21
94.63,36.42,3.28,4.09,6.06,24.78,2.85,0.62,11.67
112.1,38.48,4.11,7.5,8.49,230.72,7.38,0.31,0.83
83.06,36.58,1.9,5.52,0.45,47.68,1.19,0.09,14.15
58.37,38.36,3.88,6.7,7.34,14.58,4.77,0.09,13.8
99.93,37.62,4.82,9.75,3.41,21.1,7.98,0.92,7.09
103.25,37.52,1.02,6.39,4.79,333.67,4.05,0.69,9.37
89.29,37.28,2.62,9.04,9.29,47.19,6.07,0.13,15.62
103.97,36.58,1.44,5.13,3.32,18.06,2.84,0.36,8.52
84.57,36.44,3.96,8.03,4.65,175.16,7.68,0.59,14.49
86.59,36.55,2.89,9.86,0.14,337.6,1.47,0.84,1.33
79.93,36.47,3.17,4.61,0.82,104.96,8.67,0.04,3.06
51.78,37.95,3.99,4.05,2.59,168.69,2.78,0.24,7.05
57.55,36.88,1.98,6.6,0.28,15.97,8.87,0.89,9.36
52.2,36.14,4.58,4.56,6.31,179.63,4.17,0.01,13.06
94.55,38.42,2.67,8.49,4.26,231.05,7.5,0.2,15.81
72.0,38.21,0.79,9.49,5.48,228.36,3.87,0.96,6.22
85.6,38.32,3.48,6.6,1.75,132.97,9.15,0.61,0.76
113.53,38.49,3.97,5.55,2.96,126.21,2.14,0.26,12.82
67.45,36.43,1.58,6.61,6.64,42.65,2.61,0.07,9.67
78.73,36.99,4.29,8.34,9.65,146.72,5.44,0.03,3.18
102.89,37.9,4.53,4.05,0.5,39.8,1.74,0.24,7.92
66.02,37.74,1.38,7.54,8.9,306.64,2.76,0.88,11.88
55.39,36.38,4.92,7.68,5.77,386.51,9.49,0.42,12.33
70.28,38.04,0.7,7.83,5.64,388.03,9.79,0.72,7.99
61.29,36.56,1.01,5.45,5.0,346.03,4.39,0.92,4.88
115.08,36.56,0.92,8.28,0.69,240.32,9.31,0.41,15.58
106.57,37.34,4.47,4.55,0.9,280.35,5.9,0.19,10.61
94.34,37.48,3.27,5.2,6.01,114.08,3.43,0.52,6.53
111.0,37.45,0.76,9.26,3.41,252.31,7.32,0.91,4.49
106.26,36.23,2.2,8.43,9.17,182.26,6.93,0.8,11.7
63.06,38.19,3.08,4.08,4.07,192.81,9.9,0.07,3.87
112.48,36.66,0.42,5.49,1.43,303.11,3.39,0.69,2.75
87.75,36.32,4.41,5.29,7.15,112.77,7.05,0.57,8.48
106.52,38.22,4.02,5.62,2.93,127.22,1.47,0.91,4.64
112.73,38.39,2.53,5.49,5.25,369.86,2.02,0.12,10.06
72.26,38.16,4.84,4.38,6.98,22.49,1.04,0.53,1.89
57.7,38.02,2.09,6.75,9.0,194.25,10.0,0.88,10.48
65.96,37.64,4.92,8.4,7.92,365.12,8.22,0.41,4.53
79.9,37.38,3.34,7.64,6.76,244.15,8.08,0.48,0.0
107.26,36.22,3.17,8.04,6.8,218.56,5.59,0.07,2.03
110.25,37.02,0.83,4.49,9.46,99.9,3.7,0.28,14.94
50.49,36.93,4.41,9.71,2.96,137.31,2.36,0.32,13.88
85.75,36.65,2.14,9.03,0.01,340.82,3.56,0.95,3.74
79.22,37.81,0.81,8.83,2.72,223.69,4.38,0.28,12.45
65.55,37.24,0.06,8.94,2.18,205.9,7.81,0.46,9.74
58.39,36.2,2.8,9.6,6.62,39.83,5.86,0.67,15.53
73.63,36.55,2.64,7.27,6.34,6.41,1.7,0.16,5.98
116.0,37.71,3.6,5.2,5.93,385.47,1.16,0.49,10.9
72.62,36.19,4.45,7.7,0.16,150.79,1.92,0.74,1.02
86.32,38.13,0.4,8.46,7.29,241.29,4.69,0.87,6.34
99.21,37.24,3.66,8.43,3.24,31.89,9.4,0.63,15.42
75.45,37.2,0.94,7.13,6.65,273.25,6.74,0.67,8.62
118.02,37.48,4.29,4.41,5.57,373.03,8.22,0.13,4.61
117.37,38.06,4.1,6.23,3.43,230.27,5.2,0.95,1.92
67.62,36.87,2.7,9.52,1.35,50.45,4.25,0.13,11.26
84.81,37.7,3.55,7.51,0.94,232.69,1.98,0.77,10.32
71.06,37.41,1.57,7.23,8.32,306.54,8.88,0.26,5.98
69.94,36.67,2.36,5.61,9.18,162.57,8.05,0.93,15.22
52.58,38.2,4.11,6.21,6.5,351.94,2.51,0.72,0.36
92.67,37.99,2.3,9.37,1.03,259.47,5.61,0.75,4.86
85.19,37.65,1.79,8.0,4.02,359.7,5.39,0.22,14.74
53.6,38.13,2.47,8.72,7.29,249.4,6.63,0.44,5.13
69.51,38.17,4.14,6.73,7.8,52.52,9.52,0.62,4.04
113.58,37.77,1.68,7.78,1.18,123.88,6.22,0.77,8.55
66.77,38.09,0.87,5.49,0.0,80.72,5.86,0.1,13.18
60.14,37.74,3.56,8.23,7.12,363.53,1.45,0.96,1.65
84.26,37.7,4.13,6.57,3.57,304.16,1.57,0.89,15.09
119.0,37.55,0.5,6.66,2.54,270.56,2.69,0.27,12.72
66.94,37.88,1.2,7.9,0.13,120.39,1.29,0.82,2.9
97.05,36.4,0.71,9.62,5.4,73.62,7.69,0.52,11.39
103.31,38.2,1.74,4.38,8.51,302.58,7.51,0.46,6.16
66.63,38.18,2.25,8.95,9.58,189.66,2.22,0.31,6.44
100.98,36.07,3.74,5.75,5.66,90.32,8.52,0.58,12.53
75.74,38.06,3.26,6.66,5.14,246.65,2.39,0.73,15.4
94.26,36.32,3.1,4.13,0.85,16.13,3.71,0.41,2.03
94.35,36.84,1.76,5.81,5.49,130.47,3.24,0.63,6.73
87.5,37.86,4.21,7.02,3.8,187.42,4.35,0.7,7.7
56.32,36.4,2.36,4.34,6.07,59.18,3.29,0.71,6.02
108.47,38.04,4.9,6.95,3.89,393.86,5.4,0.05,5.81
72.45,38.08,3.17,9.56,2.4,83.64,4.67,0.86,0.84
63.06,37.27,0.63,4.63,0.95,52.14,9.88,0.46,10.97
52.85,36.02,3.38,8.59,3.15,81.41,1.5,0.26,6.98
91.36,36.72,1.63,6.46,0.97,307.62,2.28,0.24,3.12
97.43,37.54,3.43,7.93,1.77,170.2,1.48,0.48,13.06
51.16,38.45,0.35,5.56,9.87,226.17,6.63,0.89,12.84
85.85,37.58,0.87,4.96,4.44,8.4,1.49,0.38,7.78
65.85,36.65,4.28,4.96,5.32,13.77,8.53,0.75,4.78
95.16,37.59,1.14,4.42,8.74,178.33,5.61,0.1,10.21
62.21,37.35,4.19,5.11,9.96,326.66,5.74,0.48,4.61
98.37,37.95,1.4,7.99,5.83,354.1,6.05,0.99,3.78
77.07,36.27,3.21,9.29,8.12,34.68,2.54,0.77,11.69
115.57,37.9,3.47,8.88,3.27,215.35,2.78,0.21,0.65
59.63,37.35,2.56,8.11,3.06,365.29,3.87,0.5,1.52
73.87,38.41,1.53,4.66,4.03,155.19,6.34,0.23,0.11
57.94,36.85,1.06,5.74,6.73,331.83,2.89,0.41,2.45
114.73,37.58,0.17,5.86,6.82,53.48,2.05,0.78,1.1
111.41,38.33,1.52,5.5,3.15,374.16,9.73,0.77,15.93
68.06,36.26,3.27,7.09,1.33,300.57,1.2,0.23,4.62
96.2,38.34,4.69,7.21,6.32,376.53,8.22,0.92,2.39
107.21,37.72,4.36,6.14,1.28,270.65,8.09,0.59,3.86
88.86,36.17,3.83,6.12,5.78,145.36,3.67,0.38,14.98
87.08,36.75,3.94,8.97,6.93,375.27,2.22,0.5,8.32
66.93,37.77,3.32,8.74,7.01,110.23,2.31,0.61,5.84
56.52,36.17,1.3,5.85,7.53,132.87,7.28,0.56,13.97
112.81,37.46,4.54,9.48,8.73,280.32,6.79,0.49,6.32
113.03,36.86,3.35,9.72,5.0,306.13,8.04,0.5,5.36
94.32,37.55,2.8,5.96,7.3,371.76,9.44,0.18,3.32
73.73,36.11,0.55,6.13,6.19,81.92,7.23,0.81,6.04
74.44,38.18,2.24,7.03,1.87,319.2,2.4,0.54,5.07
100.82,38.43,2.3,9.65,0.26,295.42,3.19,0.13,10.84
112.8,38.42,4.32,9.26,2.85,25.52,8.58,0.77,4.63
112.1,37.87,2.73,4.62,4.43,154.89,2.88,0.93,9.24
104.59,36.33,1.9,6.36,6.17,113.11,1.65,0.95,1.05
94.94,37.9,4.88,7.32,8.5,121.8,7.33,0.37,3.06
55.89,36.06,0.55,7.02,1.96,393.18,4.62,0.14,6.52
61.31,36.06,2.11,5.16,1.26,257.11,9.28,0.52,14.99
112.9,36.81,0.21,9.15,9.63,287.07,6.85,0.11,6.04
92.45,37.22,3.7,8.06,1.08,390.65,1.81,0.93,10.63
50.64,37.93,4.59,9.03,4.78,150.88,9.53,0.18,4.08
57.1,37.71,1.4,9.15,5.86,320.74,3.33,0.25,2.03
96.45,37.11,4.29,8.49,5.41,173.81,4.03,0.41,0.94
50.35,36.68,1.46,6.64,0.86,347.81,4.62,0.38,4.89
61.26,38.49,4.55,7.66,0.57,72.26,1.46,0.79,2.52
88.41,37.07,3.77,4.96,1.05,379.07,5.47,0.46,2.78
98.43,37.13,4.02,8.04,5.86,87.51,2.11,0.17,12.17
95.64,36.41,0.09,5.08,5.44,130.49,4.61,0.27,0.25
65.7,37.99,4.81,8.16,2.34,302.48,4.16,0.51,8.92
99.85,37.73,3.63,5.38,6.38,157.5,7.96,0.15,6.07
66.61,36.55,1.52,4.71,8.2,243.28,8.23,0.61,8.1
72.78,36.21,4.15,4.99,0.42,177.83,2.38,0.57,9.01
102.25,37.7,1.41,4.01,4.98,296.95,4.3,0.71,5.01
95.47,37.64,4.36,8.31,6.89,91.33,4.36,0.94,4.72
109.45,36.68,0.56,8.39,2.52,23.38,2.36,0.91,11.73
96.03,38.38,3.52,7.09,3.08,119.97,8.19,0.95,13.94
89.78,36.38,2.7,4.97,6.14,189.72,7.37,0.24,3.08
56.56,37.08,0.48,4.5,8.98,67.21,2.71,0.13,1.56
75.74,38.36,1.21,4.11,8.1,141.92,4.3,0.3,14.36
68.56,37.05,0.06,4.99,5.83,159.99,1.95,0.9,5.6
67.08,37.6,2.34,9.35,7.3,22.96,6.65,0.97,8.82
118.11,36.99,1.51,5.45,3.65,233.32,2.09,0.86,5.75
77.52,36.69,2.99,6.13,6.41,353.74,9.87,0.11,2.01
112.44,38.46,1.49,4.63,4.66,60.7,8.03,0.95,9.43
94.18,37.02,1.5,5.33,1.9,239.12,4.51,0.42,8.4
105.64,38.24,3.72,7.12,7.02,265.9,6.21,0.01,3.25
85.18,36.57,0.24,7.65,5.56,167.73,9.2,0.44,7.23
90.38,36.53,4.51,5.47,3.59,280.44,5.99,0.05,12.75
84.48,36.08,4.26,4.35,9.11,164.29,2.57,0.54,9.45
63.67,37.63,3.34,6.35,0.21,201.85,4.41,0.34,1.55
100.57,36.92,2.97,5.41,3.16,2.94,8.59,0.47,8.77
69.65,38.16,4.46,5.32,0.57,276.69,6.8,0.61,11.24
51.7,37.18,0.93,9.76,7.67,264.54,6.86,0.87,12.68
95.18,38.42,0.39,7.7,7.02,15.36,8.8,0.66,10.07
62.4,36.46,1.2,7.34,3.31,147.3,9.05,0.43,2.44
115.83,38.17,3.97,6.49,6.76,391.61,9.28,0.82,11.36
116.78,37.94,0.17,6.57,3.96,168.29,1.85,0.91,10.84
114.04,37.93,2.91,7.25,7.56,200.78,5.9,0.12,0.39
75.91,38.11,4.98,8.18,4.54,363.97,7.66,0.53,6.59
51.08,37.9,4.28,8.21,4.12,286.9,7.81,0.28,5.33
114.98,37.57,2.61,5.03,9.35,232.83,6.46,0.05,10.71
79.97,36.33,0.32,7.0,2.51,319.12,2.5,0.67,3.46
117.67,36.08,4.16,6.47,1.2,345.75,8.18,0.86,9.45
117.45,38.3,2.99,9.22,5.85,182.76,7.48,0.16,14.61
109.71,37.54,0.57,7.79,9.69,190.04,1.78,0.81,12.76
70.61,37.99,0.47,7.2,3.78,154.42,5.17,0.85,14.74
76.96,37.2,4.55,4.69,0.62,386.68,2.57,0.91,15.66
109.58,36.29,3.35,7.63,3.39,278.87,4.04,0.27,0.17
72.18,36.31,4.15,4.7,5.06,33.29,1.16,0.9,9.96
61.86,37.71,4.39,6.02,1.62,345.18,4.6,0.32,6.61
88.98,37.08,2.86,4.86,6.58,192.22,5.95,0.55,13.76
115.53,36.5,2.59,8.15,9.98,27.5,6.58,0.05,4.03
98.72,37.23,2.15,5.24,4.52,219.89,6.97,0.04,15.7
89.9,36.16,1.58,6.35,3.55,166.87,8.53,0.72,9.82
56.8,37.45,2.17,9.37,4.01,351.1,2.94,0.44,12.7
93.05,36.67,3.87,5.23,1.15,81.6,2.08,0.26,1.37
119.3,37.99,3.01,7.05,8.83,330.59,8.66,0.19,2.94
59.81,36.78,4.46,6.52,4.15,223.08,2.41,0.67,12.13
86.28,37.14,2.22,4.11,3.87,21.84,9.77,0.0,0.35
111.42,36.03,3.04,8.76,6.6,388.74,8.58,0.81,13.07
101.85,36.18,3.16,4.41,4.42,205.05,5.51,0.08,0.22
98.79,36.98,2.96,6.85,6.48,116.35,9.83,0.19,10.51
99.17,37.2,3.51,7.36,0.61,187.76,1.88,0.39,5.84
75.16,37.5,1.19,7.77,8.14,343.14,3.73,0.48,9.78
70.55,36.73,2.56,8.13,9.41,121.96,6.74,0.35,11.14
106.66,37.74,0.52,5.52,6.49,77.07,4.15,0.32,5.48
106.71,38.15,1.92,4.06,9.55,51.63,9.36,0.96,1.73
110.7,37.95,2.44,8.34,1.51,119.14,1.59,0.64,1.11
113.93,36.1,3.26,7.21,4.77,312.02,5.94,0.02,9.42
85.79,37.2,4.75,9.02,6.02,188.65,6.32,0.43,8.33
85.11,36.26,3.0,8.93,5.82,90.99,6.87,0.88,11.88
105.88,36.61,3.72,9.06,4.01,66.47,3.3,0.3,8.16
95.5,38.47,2.53,6.91,3.38,133.09,4.28,0.09,6.76
99.14,36.36,3.17,6.0,1.27,375.97,8.59,0.76,6.37
105.71,37.25,0.35,8.75,3.92,137.21,2.75,0.61,0.42
112.3,37.55,1.27,6.71,1.63,395.25,8.44,0.57,5.37
73.66,37.76,1.81,5.1,7.34,194.09,6.06,0.05,15.62
76.29,37.4,2.36,9.13,2.09,71.67,7.86,0.14,13.98
56.58,36.02,0.23,9.3,0.59,356.46,7.42,0.62,5.27
90.48,36.82,0.7,6.8,5.52,184.14,2.87,0.21,9.4
52.52,37.29,1.38,4.45,5.95,283.87,6.12,0.5,13.56
82.59,36.22,4.86,6.33,8.72,393.48,8.81,0.54,7.06
87.99,36.88,1.66,8.82,5.77,20.07,4.89,0.28,0.29
70.06,36.08,2.41,9.41,3.45,38.68,9.7,0.95,1.19
91.36,36.2,0.98,5.22,8.03,288.18,5.07,0.84,8.17
52.14,36.99,3.05,4.4,5.4,112.73,2.29,0.72,15.51
52.61,36.33,1.4,9.26,0.79,73.72,4.5,0.08,11.09
107.58,37.42,1.03,6.34,5.66,15.74,9.57,0.11,1.13
75.21,37.72,2.58,7.25,9.08,8.74,3.88,0.49,3.03
58.89,38.0,0.03,9.81,3.96,309.79,8.81,0.16,12.34
86.56,36.5,0.04,4.4,2.96,53.77,8.93,0.98,13.46
103.9,36.42,1.1,7.89,1.43,187.09,4.15,0.16,9.88
65.11,36.26,0.18,4.44,1.51,242.36,1.75,0.49,10.31
93.6,37.59,0.54,6.25,4.33,171.34,7.52,0.36,0.45
55.97,37.77,1.69,8.82,5.96,10.84,3.8,0.64,13.26
53.62,36.08,4.01,6.6,0.81,313.4,8.05,0.13,12.61
87.19,38.34,2.86,9.98,9.4,4.21,4.98,0.43,4.14
87.84,36.13,2.56,7.35,7.55,304.76,5.37,0.27,11.34
94.62,37.35,1.47,5.93,5.87,357.32,8.0,0.89,3.44
100.83,37.77,4.66,5.32,8.28,173.14,4.44,0.04,0.65
118.31,38.18,1.99,6.1,0.8,214.22,4.99,0.91,3.22
86.14,37.79,0.44,6.24,4.77,190.79,4.39,0.83,2.86
72.61,38.0,3.09,4.41,6.3,155.68,4.31,0.3,5.4
105.66,36.85,0.57,6.22,8.29,354.97,5.73,0.79,6.7
68.96,38.04,1.73,6.79,7.83,357.57,8.28,0.03,8.14
80.73,36.2,2.54,8.34,2.77,134.33,4.26,0.97,7.63
55.49,38.24,4.37,7.94,9.41,246.03,5.72,0.53,4.33
51.77,37.37,2.47,8.25,1.24,370.76,7.04,0.3,0.47
117.39,38.04,3.51,4.05,8.75,384.82,3.42,0.36,9.68
108.52,37.13,4.96,5.31,9.71,203.58,3.5,0.07,6.33
98.72,37.61,0.66,7.97,1.77,181.13,9.4,0.99,4.78
78.63,37.32,1.37,6.9,7.22,111.48,7.51,0.04,13.87
62.13,37.83,1.97,4.03,0.4,383.55,6.19,0.65,11.95
60.95,36.2,2.11,8.83,4.05,57.13,6.83,0.44,13.72
67.52,36.15,2.06,8.64,5.16,231.93,1.26,0.95,7.92
88.45,36.62,4.54,7.29,5.81,113.02,6.56,0.25,2.09
100.02,36.4,3.57,4.4,9.36,111.6,5.59,0.53,11.14
96.21,38.18,3.04,8.6,6.72,161.99,5.91,0.48,3.3
69.6,36.55,1.55,7.5,4.81,399.52,4.23,0.7,7.06
116.84,38.44,4.12,8.69,8.1,21.99,1.73,0.07,1.04
101.65,36.84,4.78,8.51,9.51,231.42,2.74,0.19,13.2
88.8,36.46,4.11,8.82,0.22,33.03,9.56,0.21,2.02
92.82,37.97,0.01,7.11,9.83,61.81,4.68,0.74,14.45
79.37,37.65,3.18,4.84,0.86,175.83,5.2,0.19,13.83
67.34,37.25,0.26,8.03,8.14,204.18,1.47,0.57,7.43
74.92,37.39,1.29,7.72,2.8,103.52,1.34,0.22,11.91
103.05,37.8,0.3,8.45,1.32,126.58,7.45,0.86,9.91
51.01,36.57,3.02,5.02,4.4,34.79,5.84,0.94,12.85
58.13,38.49,3.43,5.17,6.44,121.29,5.58,0.52,6.91
53.22,38.44,0.57,9.34,3.81,386.62,3.19,0.35,12.57
52.85,37.63,1.92,8.5,0.55,377.88,7.7,0.23,7.4
109.88,36.5,2.28,9.45,5.99,133.95,2.51,0.05,15.06
99.26,37.7,1.85,8.55,9.02,228.34,2.71,0.27,7.78
83.19,36.18,0.61,7.58,3.83,363.84,5.15,0.65,7.4
56.85,36.08,2.09,7.92,2.16,2.47,3.58,0.53,12.56
84.41,36.64,3.76,9.33,4.43,324.27,3.23,0.94,13.15
83.14,37.16,0.36,7.47,0.48,379.35,6.81,0.4,8.87
62.12,38.17,0.4,7.79,8.2,36.53,6.86,0.69,2.88
80.37,37.82,1.77,4.94,8.26,64.58,8.42,0.49,7.48
77.9,37.86,4.71,6.84,5.88,384.3,4.76,0.51,15.49
93.11,37.06,3.34,8.3,3.53,215.02,1.66,0.27,12.05
94.46,36.86,3.39,5.63,8.0,5.68,3.46,0.45,12.98
53.17,36.93,1.81,5.21,5.55,103.05,9.82,0.47,0.53
76.22,38.47,2.97,5.88,8.26,179.98,6.37,0.71,7.49
93.81,36.1,0.05,5.45,6.31,277.16,7.39,0.94,10.35
85.22,38.17,3.18,5.29,7.84,293.26,1.07,0.33,13.28
109.95,37.45,4.57,6.55,5.99,398.17,5.66,0.04,0.79
96.11,37.1,3.06,9.45,4.14,115.0,1.34,0.5,13.64
61.41,37.81,4.37,7.04,9.58,215.29,6.12,0.54,8.77
54.94,37.22,3.62,5.13,5.41,213.33,9.29,0.17,3.16
94.97,38.18,0.6,4.46,6.05,162.26,9.72,0.76,5.08
51.86,38.25,4.51,8.18,2.2,67.66,5.86,0.98,4.51
91.0,37.05,0.33,6.3,6.26,390.98,5.12,0.95,8.49
115.82,36.69,2.67,8.93,5.72,341.33,9.51,0.2,0.83
90.28,37.48,0.71,7.96,1.85,199.33,7.06,0.88,2.54
77.17,38.28,0.06,8.78,0.6,241.3,1.58,0.7,13.0
95.03,36.53,2.11,5.63,6.04,90.9,5.19,0.45,2.12
82.08,37.56,1.48,8.15,7.64,217.51,3.16,0.54,3.73
88.19,37.58,2.43,5.58,5.23,277.99,5.23,0.85,7.25
115.9,37.83,2.89,9.63,2.27,206.07,5.1,0.48,8.27
77.03,36.33,0.22,7.82,6.67,396.11,6.24,0.37,12.22
117.28,37.79,0.62,5.95,0.8,244.54,4.21,0.49,7.16
113.37,38.27,2.79,5.62,4.42,148.39,2.48,0.58,12.64
63.71,36.45,1.72,5.15,1.63,308.86,5.53,0.19,9.89
54.86,36.59,3.65,8.17,1.84,68.19,8.47,0.9,1.81
57.05,38.43,3.26,5.31,2.02,153.81,6.98,0.67,2.5
51.28,36.45,4.23,7.57,3.87,138.78,4.05,0.63,6.99
56.61,38.14,3.46,5.59,0.51,172.72,9.42,0.1,6.35
97.81,37.23,2.15,7.97,3.98,312.71,9.21,0.6,11.9
54.98,36.62,3.36,8.89,5.12,193.67,2.88,0.12,9.29
72.33,38.18,1.38,8.67,4.83,317.61,1.35,0.08,6.21
109.14,37.11,1.53,8.57,3.83,230.6,7.67,0.53,2.73
51.63,37.29,3.94,5.13,8.39,136.83,8.45,0.4,3.63
107.01,36.9,2.23,4.53,1.45,323.99,9.71,0.59,9.21
69.73,37.48,3.99,8.19,5.06,95.32,9.01,0.09,6.78
58.27,36.41,4.11,6.21,0.62,89.75,6.4,0.43,8.24
98.77,36.98,4.29,6.59,0.71,201.8,5.77,0.17,2.73
94.03,38.42,4.58,4.19,5.74,104.34,1.25,0.99,10.61
111.42,36.65,2.15,5.56,5.66,3.63,3.22,0.56,13.64
101.45,37.64,1.59,4.2,8.78,259.32,5.14,0.69,4.13
106.24,36.81,2.91,9.28,5.58,204.44,6.66,0.33,7.86
69.74,37.93,1.86,5.46,9.6,178.21,6.02,0.09,15.61
62.42,36.33,3.01,7.34,0.49,386.79,7.68,0.98,5.33
102.54,38.42,3.53,4.23,0.98,228.48,3.52,0.29,9.52
106.48,37.13,3.44,8.0,0.44,345.37,6.08,0.42,1.44
119.34,36.59,1.87,5.94,1.85,55.78,1.79,0.65,9.7
78.88,36.18,0.83,9.39,5.41,227.68,4.72,0.02,1.43
76.04,36.42,2.15,9.33,6.46,347.19,7.75,0.81,15.35
104.35,37.3,0.71,5.95,0.46,233.24,7.24,0.54,11.45
73.86,36.84,4.45,9.41,9.46,287.21,9.92,0.28,12.61
115.15,38.07,1.73,9.98,8.42,148.82,3.5,0.06,11.27
110.09,37.08,0.77,8.95,2.97,36.98,5.48,0.16,9.44
80.03,36.62,0.13,9.07,0.77,183.16,3.97,0.9,7.2
102.56,37.54,3.23,5.49,1.7,157.79,4.97,0.69,13.73
102.82,37.77,3.18,7.46,1.27,346.82,8.71,0.25,15.31
57.22,36.42,1.7,4.4,1.23,97.6,7.16,0.07,7.98
113.18,36.42,0.36,4.57,5.19,386.69,8.94,0.69,14.9
85.37,36.09,2.05,9.99,2.46,383.26,2.83,0.57,9.33
107.85,37.84,1.56,5.96,3.58,99.05,8.86,0.4,8.61
72.4,37.66,3.39,8.49,9.9,139.22,1.54,0.36,7.27
112.69,37.19,3.03,8.84,6.84,358.22,9.0,0.22,3.35
77.24,38.11,1.82,9.15,9.49,386.65,3.96,0.67,0.06
50.76,38.01,1.09,9.99,1.43,177.38,3.83,0.97,3.86
113.38,37.46,4.94,5.45,3.82,128.4,5.61,0.18,8.16
56.39,38.17,2.27,4.24,5.55,210.44,9.47,0.6,6.08
72.35,36.51,3.44,6.47,0.77,275.11,1.43,0.42,7.18
116.5,36.28,0.7,4.78,0.04,109.39,4.17,0.45,15.69
116.54,36.67,2.43,4.13,6.7,294.59,8.71,0.25,5.6
90.14,36.14,0.14,6.16,6.42,20.66,4.56,0.83,7.23
94.23,37.33,2.53,8.7,4.11,19.72,2.79,0.49,2.14
81.39,38.34,4.82,7.4,4.9,154.52,4.82,0.54,0.77
70.52,36.1,1.92,5.88,4.15,141.39,4.47,0.3,12.41
73.01,36.31,0.19,7.93,0.24,126.25,9.24,0.18,9.13
97.08,37.13,0.15,5.39,3.35,196.41,7.86,0.09,12.17
102.67,38.33,1.94,4.09,1.77,128.29,5.55,0.71,2.4
105.41,36.79,0.8,8.59,0.98,76.9,9.9,0.2,9.15
105.27,37.27,0.12,7.74,9.57,123.79,5.19,0.69,4.06
56.38,36.1,3.78,8.57,5.99,389.96,1.52,0.39,3.65
84.61,36.37,2.29,4.23,7.29,164.45,3.36,0.42,0.18
54.03,38.47,1.45,9.02,3.15,177.89,4.92,0.47,2.09
88.47,38.41,4.5,7.72,3.93,230.62,2.41,0.37,4.95
80.91,36.01,0.58,7.38,2.37,393.34,9.53,0.1,1.87
112.14,38.38,4.78,7.75,0.97,96.64,7.9,0.31,15.77
74.56,37.6,1.57,9.19,1.79,272.51,3.41,0.66,4.94
58.19,38.17,4.44,7.52,7.98,286.39,6.32,0.67,2.09
60.01,37.14,3.01,7.49,6.78,242.93,7.49,0.29,3.19
103.31,37.29,4.13,9.94,5.47,35.43,9.47,0.46,9.4
93.28,37.22,4.92,8.54,4.75,270.75,8.93,0.19,1.02
57.08,37.67,1.44,6.65,9.22,25.64,5.64,0.21,13.8
55.89,36.35,4.81,8.24,0.73,238.46,7.97,0.02,15.38
99.07,36.07,1.95,6.34,2.81,295.83,6.06,0.9,3.95
55.09,36.77,1.93,5.37,3.5,84.39,5.97,0.21,7.2
107.53,37.76,1.7,7.58,7.82,336.65,2.03,0.23,0.35
99.44,36.5,2.71,9.57,9.93,12.14,2.14,0.28,10.25
55.69,37.68,0.77,9.57,2.41,337.53,5.77,0.13,6.62
55.94,38.42,2.77,6.05,8.74,184.13,3.42,0.64,4.32
119.06,36.23,2.71,7.17,8.31,87.04,1.19,0.08,3.31
76.2,37.68,3.81,5.27,2.25,53.51,7.51,0.13,10.46
75.94,37.11,4.17,9.97,3.99,381.32,1.29,0.64,6.66
106.9,38.17,2.2,9.89,4.1,29.07,6.36,0.34,2.87
116.31,36.44,1.51,7.9,9.78,79.64,5.85,0.71,11.03
119.02,37.73,1.3,8.83,1.81,139.13,9.72,0.56,9.04
102.74,38.1,0.97,8.29,7.99,248.09,5.36,0.26,13.74
76.34,38.36,0.29,7.56,3.34,217.92,1.57,0.65,1.88
55.85,37.71,1.71,4.32,7.31,50.26,5.97,0.12,12.57
104.4,37.24,1.35,6.73,4.2,115.89,8.57,0.54,10.78
89.09,37.54,4.83,8.05,5.78,95.5,9.97,0.44,1.84
79.7,38.17,2.79,8.07,8.33,85.42,4.87,0.27,11.12
113.44,37.43,1.74,6.24,8.04,164.46,3.88,0.6,7.06
57.78,36.08,2.9,9.65,8.66,281.61,9.16,0.87,15.12
84.48,38.33,0.7,5.0,0.6,86.98,2.72,1.0,2.27
50.79,37.72,2.22,7.0,6.92,146.67,6.54,0.61,10.29
82.81,37.69,3.13,8.15,1.4,156.37,4.65,0.4,6.11
53.94,36.54,2.44,8.18,4.16,390.58,1.37,0.23,15.31
58.32,37.65,2.01,7.89,5.49,381.87,4.13,0.26,5.28
58.23,36.98,4.97,5.65,4.03,320.06,3.39,0.48,15.39
95.44,37.63,4.4,4.94,5.2,96.66,7.17,0.37,14.42
102.22,36.27,3.12,7.82,9.97,27.21,9.54,0.91,4.33
90.84,37.64,2.85,7.6,1.35,126.76,3.41,0.37,12.86
117.35,38.5,3.1,5.08,6.75,106.72,8.3,0.37,15.93
76.24,36.12,1.01,8.23,3.96,202.37,1.5,0.38,4.04
70.0,38.44,1.98,6.73,1.33,311.09,5.84,0.84,6.99
110.8,37.02,0.2,8.01,1.59,343.33,1.63,0.65,8.32
65.65,38.18,2.38,9.02,9.49,337.95,9.41,0.61,4.72
117.43,37.96,2.72,5.02,8.8,143.87,7.9,0.33,0.24
50.85,37.42,1.14,4.11,9.07,274.89,6.92,0.82,3.52
117.89,37.85,4.82,8.67,9.92,125.13,8.42,0.04,4.51
53.02,38.2,4.55,7.66,2.08,24.36,6.83,0.87,7.1
112.38,37.01,3.61,8.2,3.55,280.63,9.72,0.51,2.74
86.94,36.82,2.67,9.03,6.69,3.93,7.43,0.4,13.97
119.51,37.67,4.35,8.82,4.84,163.67,9.32,0.5,11.28
55.17,38.02,0.65,9.77,4.18,131.75,5.65,0.67,1.36
88.77,37.91,3.95,7.22,3.58,277.35,2.05,0.01,10.4
117.85,37.99,0.62,6.93,5.94,306.5,5.75,0.87,10.46
86.62,37.09,3.97,6.41,5.76,121.64,2.14,0.45,15.3
94.06,38.04,1.38,4.92,1.61,324.65,6.33,0.34,0.05
98.7,36.3,4.39,7.44,4.72,117.57,5.34,0.14,3.97
81.82,37.36,4.72,5.66,5.53,178.53,6.6,0.44,14.84
93.93,36.01,0.74,9.53,5.7,290.81,1.09,0.5,14.91
90.9,36.81,2.31,7.5,2.1,277.17,2.75,0.4,11.53
113.08,36.92,4.9,7.56,7.42,394.95,5.42,0.68,12.25
53.18,36.99,2.42,6.13,0.25,90.06,9.55,0.42,1.46
69.67,37.74,4.32,4.31,3.55,264.93,4.45,0.96,8.22
116.53,36.97,2.94,4.19,7.8,243.87,4.82,0.6,3.71
112.32,37.12,1.88,6.54,5.64,366.04,7.43,0.81,2.9
81.9,36.59,1.43,4.51,2.61,62.54,6.43,0.11,12.96
93.41,36.93,1.02,7.64,6.95,300.72,3.69,0.4,2.16
69.42,36.57,3.81,9.29,5.67,227.31,4.7,0.34,7.5
63.17,36.18,1.93,9.3,7.96,109.87,2.96,0.57,15.02
82.46,37.51,2.56,7.95,7.35,189.77,9.69,0.86,2.97
74.73,37.67,2.46,5.27,6.1,133.51,2.18,0.08,15.65
90.86,37.55,2.89,9.18,4.88,231.73,4.35,0.07,15.91
55.44,37.16,4.33,9.32,1.33,355.6,1.23,0.85,8.89
118.21,36.95,4.9,5.18,2.61,227.72,3.0,0.21,2.72
119.03,38.16,2.04,8.42,4.19,252.69,8.02,0.67,5.06
98.87,37.3,4.14,5.72,5.99,207.5,2.81,0.54,6.79
87.53,37.2,3.82,8.82,5.14,20.47,1.72,0.83,4.95
71.67,36.06,2.87,9.98,2.88,93.14,5.27,0.13,4.49
106.97,36.85,4.78,4.18,0.06,196.8,1.09,0.13,15.56
97.93,36.95,1.0,9.38,4.96,124.09,1.76,0.56,2.45
61.38,37.0,0.55,7.74,2.86,72.71,8.27,0.95,11.73
113.76,37.45,4.27,9.84,7.35,201.65,7.94,0.41,0.01
107.58,37.33,2.2,6.79,0.24,129.12,9.24,0.33,9.54
116.49,37.52,4.23,9.08,5.85,103.24,8.69,0.61,14.66
100.8,37.91,4.47,4.37,9.41,185.59,7.15,0.93,4.61
92.94,38.03,0.31,6.01,1.74,53.31,1.47,0.84,2.97
79.28,37.8,4.42,4.4,4.72,371.1,8.05,1.0,10.43
115.29,38.39,2.24,9.85,0.91,347.08,8.61,0.02,11.4
110.62,36.05,2.55,8.9,6.26,283.05,8.19,0.11,11.01
53.17,36.49,3.13,9.12,5.51,42.49,5.58,0.61,5.11
51.85,36.02,4.63,9.63,4.07,310.35,3.1,0.82,4.04
76.35,37.62,0.1,4.51,5.21,323.18,8.61,0.29,15.29
106.74,38.25,2.38,6.31,8.97,307.11,7.54,0.24,14.77
119.11,36.61,3.44,4.43,1.96,45.59,9.83,0.79,7.32
60.53,38.32,3.61,5.26,0.23,257.56,2.4,0.06,13.54
91.59,36.15,3.46,5.38,8.62,333.73,3.03,0.37,7.24
76.66,38.34,0.67,6.81,5.77,230.94,2.91,0.51,6.79
117.89,36.88,1.5,5.61,8.91,258.56,8.13,0.56,2.51
108.95,36.25,1.79,4.61,5.97,183.35,2.68,0.73,6.82
108.68,37.21,4.02,5.0,8.1,211.48,1.6,0.35,8.6
82.81,36.64,1.39,4.88,4.3,13.75,9.99,0.61,0.36
79.04,36.71,1.05,9.84,7.5,255.59,1.22,0.59,7.11
69.14,36.77,4.79,8.56,9.13,32.58,8.52,0.55,12.5
53.95,38.01,0.04,9.81,5.72,174.01,4.29,0.64,10.88
110.53,37.35,4.99,6.64,1.81,117.06,8.57,0.26,10.16
106.9,36.78,3.38,5.67,2.69,218.17,5.99,0.08,14.55
119.98,37.53,4.14,8.79,1.99,53.37,9.11,0.12,0.29
119.76,37.79,1.47,5.96,2.47,276.66,9.34,0.22,8.91
88.88,36.68,0.07,5.8,3.06,318.0,1.08,0.5,12.6
103.83,37.03,3.69,5.4,5.55,65.34,1.68,0.84,8.66
116.13,36.3,4.17,4.78,5.88,41.73,3.25,0.7,5.18
109.48,36.45,3.7,5.54,4.26,58.21,7.02,0.79,2.18
67.31,37.7,0.71,6.13,6.15,350.85,8.99,0.35,14.2
81.54,36.45,3.77,8.04,0.82,211.28,5.14,0.4,7.53
59.04,37.31,3.84,4.38,0.88,186.9,6.46,0.39,14.05
116.78,37.77,3.29,5.26,1.72,42.68,2.7,0.19,9.37
92.43,36.27,3.83,8.85,5.18,259.82,8.24,0.06,10.79
66.0,37.42,4.23,4.88,2.14,347.2,9.71,0.59,12.87
97.02,36.64,3.07,6.06,2.83,331.27,3.42,0.99,10.55
93.27,38.41,0.44,9.19,4.0,250.42,5.45,0.17,6.37
75.07,37.21,2.44,4.93,8.12,30.11,1.78,0.05,8.22
57.95,38.01,0.39,4.5,0.14,44.96,6.03,0.78,12.85
97.01,37.38,2.04,6.91,6.49,19.72,5.53,0.25,5.98
86.42,36.11,2.04,5.81,6.69,102.99,2.3,0.83,6.21
104.06,37.58,0.33,7.38,7.99,54.26,4.98,0.7,1.53
86.41,38.38,1.74,8.82,9.33,104.02,4.01,0.95,14.63
109.65,37.5,0.55,4.82,0.2,154.02,5.7,0.41,1.46
88.63,38.05,4.04,7.48,1.54,377.19,6.27,0.66,10.37
89.27,38.21,4.74,7.03,8.86,244.15,1.08,0.46,6.61
111.37,36.57,0.36,4.86,4.59,333.99,7.85,0.63,6.49
78.24,36.53,4.78,7.74,5.65,284.14,7.42,0.45,10.87
59.38,37.53,2.61,5.64,6.63,45.0,4.3,0.19,1.07
52.01,37.03,1.5,6.93,6.79,294.37,1.48,0.51,9.5
102.86,38.1,0.38,4.49,9.32,110.04,7.79,0.53,12.35
93.42,38.25,2.5,6.76,9.97,255.64,9.6,0.81,13.25
99.29,36.88,3.97,5.84,7.2,136.38,3.16,0.74,2.73
64.91,36.59,3.54,8.93,2.87,399.07,3.91,0.66,14.36
59.55,37.95,0.25,4.34,8.8,105.42,2.65,0.11,10.5
51.02,36.69,0.36,6.51,0.49,111.65,6.19,0.72,14.11
74.54,38.06,2.01,6.75,2.31,372.27,2.39,0.5,7.76
91.29,37.06,1.48,8.35,8.97,9.86,4.21,0.89,8.67
77.46,37.67,1.16,7.45,2.56,278.68,7.27,0.92,14.7
80.62,36.24,1.41,8.0,2.21,290.13,6.04,0.06,14.4
113.29,37.56,4.02,8.66,1.38,334.55,4.48,0.82,7.17
74.38,37.13,4.65,9.17,8.59,389.78,4.78,0.04,4.39
85.98,37.47,2.03,5.88,5.0,390.24,6.06,0.37,6.29
104.86,36.42,4.53,7.23,6.75,26.11,1.05,0.54,6.2
77.76,37.84,1.61,9.04,2.39,328.74,1.71,0.15,4.59
93.55,38.16,2.38,9.94,7.58,258.52,8.93,0.75,4.3
110.37,36.54,1.13,9.34,7.6,258.94,1.7,0.01,13.78
116.47,36.24,3.2,6.23,3.13,51.34,7.36,0.17,1.12
60.3,36.06,4.89,5.17,4.11,260.07,9.28,0.58,10.84
114.86,37.6,3.02,6.94,2.1,392.99,3.44,0.71,2.77
84.45,37.52,1.79,8.45,9.77,364.73,4.33,0.92,5.51
68.08,37.37,3.24,6.96,6.46,175.65,6.12,0.71,0.98
82.14,36.58,0.61,6.9,9.35,15.98,8.94,0.67,4.32
118.6,36.98,4.44,9.03,3.03,144.92,9.48,0.39,12.29
84.48,37.49,2.52,6.17,7.82,330.56,7.66,0.0,14.16
73.01,37.24,2.25,9.16,7.66,280.6,1.78,0.12,3.54
94.34,38.47,2.93,6.44,6.92,183.74,7.02,0.53,7.42
66.81,36.34,3.12,5.97,9.66,22.04,4.69,0.68,7.53
55.31,37.74,0.36,6.72,3.94,170.76,5.24,0.42,13.98
59.02,37.01,3.41,8.57,1.31,187.61,1.44,0.73,12.2
58.96,37.07,1.21,4.76,6.72,371.42,2.72,0.52,8.21
60.63,37.79,3.57,5.18,7.29,256.43,8.11,0.07,10.73
59.72,37.73,4.11,9.71,5.75,124.66,5.09,0.19,13.56
94.86,38.48,4.02,5.05,2.07,210.13,3.71,0.84,0.15
62.73,36.32,2.76,7.41,5.04,26.42,4.46,0.72,6.45
74.2,36.26,2.6,7.48,3.12,389.03,8.69,0.89,14.52
112.78,37.81,0.71,6.94,4.27,144.02,7.74,0.12,11.85
83.18,37.45,3.88,7.87,6.45,191.15,3.45,0.99,8.69
96.73,36.69,1.36,5.38,7.45,142.11,2.06,0.21,8.47
62.06,36.2,2.48,7.32,2.32,273.0,3.27,0.01,5.56
63.46,36.21,1.42,6.23,4.05,264.89,9.29,1.0,8.33
52.86,38.24,0.67,7.97,2.69,286.13,6.23,0.28,10.49
61.83,36.48,3.15,4.85,1.99,107.26,5.8,0.67,6.69
69.5,36.81,0.27,7.43,7.83,126.27,6.37,0.18,11.43
62.39,36.57,3.74,5.11,9.09,50.1,4.29,0.58,13.78
56.21,36.89,1.59,5.67,3.7,262.2,8.26,0.9,2.47
58.44,36.17,0.0,5.31,7.51,15.92,5.71,0.32,7.22
82.25,37.3,2.56,5.1,8.97,239.07,2.05,0.67,6.53
64.44,36.17,0.23,8.95,8.46,347.88,2.16,0.19,11.0
75.5,38.0,1.38,5.71,1.83,356.33,5.83,0.62,4.0
85.24,36.58,3.53,9.56,9.56,179.62,9.43,0.34,10.24
98.33,37.35,0.31,9.82,3.77,183.72,3.78,0.21,14.04
52.75,38.2,4.2,7.43,3.39,30.79,8.83,0.31,6.69
105.96,37.63,0.02,4.86,0.62,268.31,7.88,0.18,14.58
93.95,37.33,1.23,6.25,4.86,328.5,3.23,0.9,15.89
55.72,36.81,3.7,8.79,1.09,97.86,1.33,0.4,1.7
111.15,36.83,1.58,6.2,2.49,168.52,1.92,0.25,3.73
114.46,37.67,0.51,4.52,3.17,335.54,7.56,0.45,15.21
54.28,38.49,1.8,7.34,8.09,350.85,2.8,0.32,15.33
69.38,37.65,1.35,9.07,8.75,97.27,4.34,0.74,1.56
106.43,37.39,4.21,8.78,3.02,220.23,5.52,0.97,0.24
102.38,37.83,1.57,5.05,8.59,77.0,7.53,0.44,2.58
62.92,37.16,3.94,8.04,8.57,40.75,2.02,0.86,15.94
64.65,36.15,4.46,5.32,7.65,364.45,4.66,0.57,2.88
75.93,37.41,2.17,5.31,1.47,328.2,5.37,0.16,8.04
83.92,38.39,4.55,9.24,6.9,304.01,5.87,0.69,13.57
93.28,36.44,1.89,5.5,9.45,19.51,8.37,0.51,0.33
75.82,37.73,4.82,5.58,6.83,337.49,2.55,0.65,9.67
82.38,36.5,0.45,4.0,3.32,175.22,8.27,0.89,4.43
102.32,37.34,3.44,9.22,5.01,136.96,7.24,0.44,13.8
52.57,36.24,2.47,8.76,6.46,218.59,6.0,0.9,4.54
67.67,37.13,1.94,7.76,5.11,36.54,7.3,0.75,10.99
99.93,37.89,3.16,8.5,1.2,302.66,4.71,0.49,10.79
112.66,36.87,3.52,4.91,3.12,232.97,2.25,0.6,3.54
85.82,37.66,0.02,6.75,8.02,74.64,6.99,0.33,0.56
87.25,37.99,0.83,6.11,8.61,75.29,5.72,0.98,6.55
57.5,38.32,3.57,4.56,1.37,73.7,6.75,0.67,4.63
81.32,36.59,3.33,6.92,9.52,22.8,4.04,0.04,12.94
87.28,37.0,4.83,9.52,3.29,235.12,9.16,0.33,12.81
66.97,36.38,3.81,4.24,6.62,336.14,6.29,0.62,7.31
68.85,38.48,4.75,5.75,7.52,7.0,1.77,0.06,9.7
76.41,38.32,3.51,5.25,8.12,19.6,5.05,0.02,9.67
51.4,37.35,1.49,5.43,9.46,229.11,7.81,0.45,13.23
72.55,38.11,0.53,9.45,3.13,327.8,8.15,0.33,6.8
64.8,37.3,3.91,6.81,8.59,130.7,5.45,0.44,4.41
72.92,37.56,3.22,6.8,1.32,139.85,9.05,0.26,4.24
58.38,36.22,0.24,8.56,7.05,238.54,3.41,0.16,8.58
112.34,37.89,1.8,4.93,7.42,109.69,4.7,0.69,7.19
91.55,36.32,4.78,6.92,6.78,10.64,9.09,0.51,7.04
97.54,38.07,2.5,6.58,2.52,294.09,9.07,0.2,1.46
105.24,37.96,2.16,7.58,8.73,250.26,7.17,0.32,11.5
84.89,37.77,2.29,10.0,1.69,232.3,8.73,0.59,3.42
56.08,36.09,1.04,8.62,0.54,296.67,1.8,0.07,3.15
87.6,36.76,1.84,6.39,7.17,270.09,8.78,0.15,6.6
91.08,36.66,1.85,8.97,4.75,82.35,3.89,0.07,3.64
102.18,36.9,0.26,5.02,8.49,140.99,2.6,0.81,9.34
80.22,36.22,3.84,4.18,3.83,50.44,3.15,0.75,5.94
58.93,38.34,2.08,5.23,1.68,51.94,4.76,0.75,7.18
69.86,37.38,4.11,6.04,8.36,270.48,3.26,0.72,8.59
75.42,36.76,4.25,7.06,5.49,343.44,3.89,0.67,3.26
95.21,36.99,1.06,7.69,1.89,385.09,2.21,0.48,2.49
89.95,37.12,3.29,9.46,7.2,251.34,3.67,0.64,14.09
74.93,37.5,2.36,7.06,5.11,73.64,6.15,0.04,6.94
119.06,37.29,4.4,7.01,6.04,42.26,4.98,0.62,6.59
92.4,38.3,1.08,4.3,4.61,325.14,4.12,0.78,0.57
66.61,37.24,3.39,4.21,8.29,231.5,7.72,0.5,7.97
57.12,38.48,3.04,7.31,8.3,247.31,9.04,0.36,8.87
60.7,38.13,1.48,6.63,7.09,312.58,7.81,0.28,8.94
67.22,36.52,0.68,9.04,1.05,281.31,3.99,0.64,11.31
61.25,38.33,3.26,4.96,8.39,333.78,7.7,0.69,2.84
63.06,36.29,3.69,4.15,6.71,22.49,2.37,0.87,4.04
69.96,38.04,1.58,6.69,6.97,299.01,2.17,0.34,12.97
62.14,36.95,3.22,5.42,3.63,340.34,4.11,0.77,15.15
112.77,38.19,1.98,4.3,8.79,114.45,8.27,0.56,2.17
55.62,38.17,3.57,8.35,7.25,256.18,3.22,0.88,7.96
86.72,38.01,1.0,4.67,1.13,125.66,1.57,0.53,3.43
78.73,37.98,4.45,7.65,4.08,383.19,2.19,0.52,0.96
118.77,36.76,1.44,5.69,8.86,13.37,8.73,0.58,5.21
57.84,36.2,1.84,5.04,0.47,231.92,6.7,0.75,2.3
77.85,37.01,0.29,6.28,9.61,66.6,3.28,0.96,11.36
117.86,36.43,0.56,8.81,6.79,284.89,6.0,0.07,8.54
110.59,37.74,2.58,6.35,6.31,70.36,5.75,0.05,2.3
107.2,36.87,1.34,8.5,2.71,94.15,6.9,0.94,0.15
68.05,38.44,4.18,4.75,2.49,197.75,3.1,0.53,12.93
61.96,37.6,0.07,8.64,9.42,365.93,8.78,0.61,2.82
96.81,38.06,1.9,5.42,2.98,84.69,3.78,0.48,9.7
115.06,36.33,1.69,8.06,7.76,57.7,7.25,0.09,5.39
88.97,38.16,0.1,7.39,3.93,303.59,1.15,0.77,9.37
90.01,38.31,0.62,9.57,1.39,200.25,4.35,0.75,5.05
69.6,37.22,2.07,6.32,0.11,364.71,4.17,0.31,1.39
103.86,37.52,2.46,4.4,5.44,58.65,5.89,0.31,3.57
63.09,37.91,2.02,4.11,9.76,258.37,1.65,0.84,3.01
72.66,36.44,2.65,8.96,3.69,93.15,8.11,0.07,6.85
79.78,37.26,2.98,7.15,3.57,62.7,2.96,0.88,10.53
85.53,37.0,0.05,8.65,3.44,273.37,7.09,0.26,4.22
66.97,36.37,2.32,5.41,5.21,237.47,8.23,0.59,0.19
58.04,36.92,4.82,6.07,4.41,301.93,6.06,0.94,8.3
92.74,36.17,2.6,4.18,8.8,123.79,7.67,0.68,9.69
70.2,36.06,3.39,9.77,5.06,179.19,6.96,0.41,15.41
90.69,36.34,1.56,8.01,5.08,162.19,4.2,0.69,9.43
60.81,38.41,3.87,9.6,1.38,393.64,8.28,0.34,7.54
83.68,37.37,3.86,5.59,9.83,116.9,3.65,0.28,9.17
87.28,38.41,2.61,7.67,2.5,117.93,6.14,1.0,14.85
53.63,37.08,4.88,8.07,0.73,141.82,7.71,0.75,13.25
73.56,36.78,0.63,5.91,6.63,225.84,4.41,0.64,5.17
59.41,37.27,0.08,9.09,5.95,100.93,3.72,0.36,3.8
54.44,37.1,3.85,9.68,4.15,366.12,5.13,0.05,4.2
119.3,36.26,4.04,9.31,4.22,106.27,8.36,0.03,8.07
72.56,37.6,0.6,8.43,7.85,358.33,9.37,0.55,11.9
106.69,36.54,1.33,5.66,1.96,41.39,5.91,0.76,8.05
67.82,37.55,0.09,5.69,8.2,262.63,6.95,0.54,1.08
97.71,37.63,1.47,9.78,6.49,362.79,9.13,0.84,11.58
103.22,36.38,3.87,4.06,4.19,67.5,1.89,0.03,12.9
91.69,36.15,2.59,8.3,4.58,387.33,3.09,0.37,4.63
83.01,37.95,1.74,8.24,2.57,181.15,7.38,0.24,10.63
78.83,37.15,1.86,7.74,7.52,378.29,8.41,0.45,6.83
74.42,36.15,0.01,9.94,5.13,270.73,8.71,0.07,14.23
115.07,38.49,1.5,5.87,3.21,120.63,4.74,0.95,13.52
108.14,36.14,3.23,6.04,5.96,75.32,1.8,0.22,8.41
117.55,37.74,4.87,4.47,9.96,121.49,4.94,0.92,11.06
58.7,38.46,4.24,6.66,4.35,37.21,3.08,0.43,14.13
101.16,36.6,0.12,5.57,9.21,57.55,3.62,0.99,7.93
115.68,36.36,4.49,6.06,3.45,41.86,7.95,0.55,5.01
62.69,36.3,3.92,9.01,0.55,169.18,1.68,0.93,12.06
54.65,36.76,3.9,9.61,2.04,318.23,8.45,0.01,3.52
101.88,36.25,2.29,5.11,4.19,56.55,4.85,0.75,6.22
90.21,37.73,1.99,6.24,2.2,52.13,6.36,0.9,13.85
108.93,36.16,1.51,9.57,0.0,257.37,1.81,0.14,11.59
59.78,37.27,0.33,4.37,9.15,78.87,4.04,0.1,6.46
105.67,38.49,1.14,4.55,8.44,39.04,1.81,0.42,3.44
64.11,38.03,1.23,4.98,7.42,66.74,9.65,0.93,5.7
61.46,37.54,2.42,7.57,1.68,369.49,8.27,0.54,4.55
61.5,36.77,3.74,4.9,1.2,328.59,5.14,0.53,2.82
107.02,37.56,2.37,9.81,0.68,141.63,3.01,0.14,11.89
96.56,37.32,0.29,6.68,7.24,262.33,9.4,0.0,4.03
86.61,37.07,4.79,7.01,9.29,214.91,4.1,0.81,7.27
75.12,36.33,4.71,5.48,4.31,270.85,2.45,0.09,6.17
111.4,38.22,3.93,6.83,1.19,273.07,6.07,0.63,15.71
77.47,37.12,4.96,7.97,5.12,251.49,9.49,0.91,6.26
107.16,36.49,2.72,8.51,3.49,106.44,1.03,0.21,1.28
80.74,36.92,4.81,8.52,3.75,15.6,3.14,0.67,1.44
76.39,37.04,0.38,7.47,6.21,182.23,9.45,0.08,9.45
82.39,38.07,1.83,9.43,7.19,356.39,2.54,0.6,9.59
71.1,37.83,1.13,8.9,1.11,227.8,2.02,0.16,6.7
102.33,37.92,0.98,8.54,0.36,332.96,6.13,0.74,6.91
85.19,36.03,0.7,4.33,9.94,396.65,8.76,0.3,0.86
66.25,37.04,3.11,4.04,2.33,65.45,5.29,0.46,8.26
112.97,37.2,3.91,5.27,0.54,276.71,9.95,0.6,8.08
76.87,36.05,2.89,7.98,1.9,269.72,7.11,0.17,2.39
88.05,36.65,0.73,6.47,0.39,391.98,1.67,0.74,1.66
113.45,37.9,4.06,6.41,3.92,394.24,9.94,0.3,1.98
93.7,36.34,3.18,9.31,8.02,274.67,4.67,0.66,1.62
58.18,37.34,1.94,9.37,3.41,97.45,3.59,0.16,9.76
115.79,36.54,3.37,9.46,4.44,319.42,6.02,0.69,3.14
93.94,36.03,1.3,5.88,6.76,42.81,3.74,0.13,4.02
73.44,36.6,1.73,8.15,5.09,312.28,1.78,0.43,2.78
59.75,38.44,4.59,5.63,8.61,364.08,1.01,0.25,15.33
105.58,38.0,1.45,5.14,8.66,153.13,5.05,0.75,13.67
93.41,38.4,2.35,5.11,0.1,252.25,8.53,0.26,3.69
87.34,37.22,4.45,6.05,7.78,172.06,6.15,0.88,5.24
112.57,36.27,3.54,6.58,4.61,175.11,9.99,0.89,3.36
105.2,37.37,0.31,8.99,9.89,124.15,3.58,0.2,7.87
60.62,37.14,0.74,4.72,4.83,304.85,3.52,0.61,0.31
71.82,38.11,0.04,8.41,9.87,374.47,2.44,0.09,10.74
67.39,36.25,3.15,7.19,7.55,376.3,2.48,0.39,8.37
102.08,37.22,2.24,5.73,2.49,69.91,3.57,0.71,14.38
52.35,36.38,0.67,6.96,5.38,349.9,8.14,0.66,2.63
89.89,36.81,4.79,5.8,9.92,294.97,9.15,0.62,12.87
103.37,37.84,2.65,7.58,8.58,101.13,9.78,0.28,12.67
111.37,37.19,1.21,6.6,0.97,26.91,3.09,0.38,2.03
73.95,36.94,2.5,4.99,7.06,107.2,8.93,0.1,6.38
107.49,36.99,3.4,4.7,3.46,364.88,3.95,0.72,2.72
57.74,37.15,0.38,7.28,0.07,253.27,2.02,0.5,4.08
109.25,37.96,1.37,9.41,4.03,288.42,8.83,0.71,4.21
58.92,38.23,4.03,6.06,2.35,102.86,6.72,0.25,8.9
77.81,38.39,2.3,8.4,8.19,287.76,2.48,0.32,6.58
105.81,37.97,2.73,7.95,3.37,11.25,4.87,0.33,15.16
60.49,36.79,2.16,9.59,8.28,150.13,3.59,0.03,2.02
66.05,37.72,0.22,8.93,0.01,250.7,7.63,0.34,15.58
100.56,37.09,0.83,7.4,3.08,58.44,5.08,0.8,3.69
100.4,36.64,2.23,7.94,2.41,329.2,9.9,0.9,12.37
94.88,38.1,1.05,9.39,2.34,94.01,1.49,0.52,5.42
98.58,36.1,0.25,6.4,0.68,260.91,4.2,0.46,2.29
87.99,38.25,4.22,5.96,1.87,162.08,5.34,0.03,13.73
67.63,37.15,4.91,4.06,5.56,238.42,5.53,0.88,4.94
74.2,37.59,3.97,8.96,2.91,42.98,3.84,0.01,10.54
62.71,37.65,4.27,8.81,4.17,6.77,7.56,0.94,9.06
113.59,38.24,1.21,4.63,3.77,363.83,8.87,0.49,7.55
90.84,37.59,4.8,7.46,8.76,107.85,9.45,0.34,7.93
78.06,37.53,0.98,6.78,9.05,327.87,8.25,0.92,11.72
82.34,36.17,4.76,4.71,4.93,399.74,8.66,0.02,1.4
116.31,37.3,4.97,9.88,3.3,84.57,5.95,0.58,10.69
60.73,36.38,3.56,5.29,1.07,106.07,8.43,0.55,14.33
91.04,37.84,4.91,4.4,9.53,265.14,3.73,0.22,0.92
85.41,37.28,2.85,7.57,0.6,386.18,4.59,0.43,2.25
92.8,37.7,1.3,8.43,2.98,366.33,3.85,0.65,11.47
51.27,36.1,2.18,4.19,2.98,201.15,5.21,0.73,7.0
111.05,36.21,2.97,7.95,3.2,318.04,3.57,0.0,6.46
115.25,37.79,0.37,7.19,1.64,54.3,9.65,0.94,2.19
89.56,36.18,3.11,4.62,7.83,390.98,3.82,0.16,8.11
98.77,36.18,4.91,5.04,1.22,385.74,1.88,0.23,2.02
114.57,36.03,0.95,7.41,6.35,65.49,5.74,0.26,7.63
99.51,38.39,3.96,5.78,1.24,119.77,1.51,0.04,12.22
60.68,37.84,4.54,9.63,0.71,40.06,1.99,0.12,4.13
90.34,36.88,4.72,8.91,9.09,108.69,2.97,0.99,7.69
92.47,36.74,4.8,9.9,1.9,326.38,5.18,0.32,15.87
79.69,36.87,2.61,5.56,8.21,151.33,4.9,0.12,10.99
101.55,37.94,4.89,9.82,5.45,35.36,8.2,0.11,13.46
115.41,37.65,3.79,6.59,0.78,136.89,7.66,0.72,6.64
114.79,36.46,0.81,6.09,9.55,392.55,4.84,0.85,12.29
81.56,36.44,2.38,4.3,2.47,251.87,4.0,0.26,0.65
57.93,36.25,3.59,4.32,8.6,166.46,3.85,0.02,1.97
118.94,37.65,1.24,8.15,1.69,66.62,7.97,0.22,3.25
108.72,37.91,3.2,6.75,8.54,394.47,1.47,0.06,6.43
58.73,36.66,3.33,5.36,0.13,328.34,1.12,0.1,13.53
114.46,36.05,0.81,7.68,5.12,112.59,8.16,0.43,5.54
110.89,36.21,2.83,5.52,7.69,28.03,5.29,0.23,10.47
86.32,38.42,3.86,7.47,9.35,22.65,2.18,0.52,11.35
91.39,36.74,2.49,6.16,9.09,48.15,3.12,0.25,9.38
77.93,37.92,0.06,8.94,8.2,232.31,9.39,0.94,5.72
53.83,37.56,0.05,8.92,8.88,371.51,8.74,0.91,9.23
73.46,36.95,1.79,6.86,1.99,198.7,7.39,0.57,5.48
106.2,36.51,4.63,6.1,2.84,337.18,5.34,0.35,1.34
50.32,36.3,1.14,6.18,2.89,178.35,5.68,0.38,15.88
73.34,37.54,3.17,8.83,3.77,283.43,9.78,0.41,2.03
77.87,37.94,1.11,5.97,3.93,292.75,9.69,0.73,1.16
87.62,37.61,1.61,5.25,5.45,69.59,2.94,0.45,14.06
114.39,37.33,4.24,4.51,1.6,144.49,8.3,0.86,4.83
74.24,36.1,3.64,6.8,6.91,254.92,2.78,0.94,10.4
74.29,38.42,0.48,6.89,1.68,28.28,2.92,0.34,5.26
101.63,38.0,2.14,9.05,3.1,144.62,7.08,0.56,6.26
81.66,36.73,0.15,5.33,5.03,213.92,4.65,0.1,4.19
65.72,38.45,2.4,6.29,7.96,398.49,9.38,0.2,5.49
81.67,37.5,3.31,8.85,7.39,189.81,1.8,0.41,6.57
59.86,37.46,0.59,8.94,6.46,326.42,5.6,0.21,11.53
62.35,37.87,1.44,6.31,1.56,172.83,9.27,0.88,8.18
84.89,38.03,1.99,6.75,5.47,318.56,9.14,0.16,15.1
79.32,37.64,4.6,5.82,0.87,238.17,2.41,0.46,0.67
114.04,36.32,4.97,9.6,3.77,354.64,4.3,0.61,8.05
75.37,36.85,0.22,4.71,4.14,164.38,6.57,0.69,9.35
90.64,38.32,3.81,9.6,0.4,241.72,2.43,0.38,14.72
94.26,36.56,1.86,8.1,2.74,252.01,9.71,0.87,0.79
50.92,36.93,1.96,7.19,9.56,166.95,9.23,0.57,9.18
96.45,37.08,3.77,4.2,9.54,57.72,2.5,0.44,13.66
62.46,37.1,4.59,6.85,3.52,37.42,2.09,0.07,3.87
117.27,37.53,4.75,6.45,0.43,6.67,1.77,0.46,14.02
60.41,38.36,2.89,4.97,1.79,349.41,9.18,0.82,0.3
79.02,36.6,1.79,7.94,3.92,94.59,2.74,0.61,11.72
55.97,36.3,3.94,9.83,9.48,84.6,4.75,0.83,14.93
119.78,36.49,1.26,7.37,1.41,294.41,5.04,0.49,10.52
85.15,38.22,2.82,8.29,7.64,128.01,6.39,0.12,7.02
91.68,37.61,1.79,4.41,1.09,202.42,1.65,0.01,0.72
54.7,36.71,3.28,6.51,9.81,65.0,3.04,0.3,14.72
102.5,38.04,1.2,4.7,3.82,383.9,9.38,0.7,7.52
64.69,38.15,0.96,7.68,7.75,340.63,9.18,0.79,0.46
112.86,38.12,4.59,9.63,3.43,345.52,8.03,0.3,11.04
64.36,38.3,0.51,7.97,6.28,162.71,1.17,0.5,7.71
63.35,36.63,2.53,4.46,1.92,304.94,3.94,0.42,1.99
52.56,37.89,1.1,6.13,1.46,57.55,6.65,0.41,3.43
83.04,37.15,0.19,7.3,9.38,3.45,3.48,0.23,1.03
89.54,38.1,0.18,6.42,9.18,7.99,9.19,0.14,9.19
54.6,37.82,0.88,9.0,8.87,234.64,6.71,0.2,9.95
104.29,37.94,4.33,8.89,6.25,182.16,1.65,0.06,8.09
81.73,37.64,1.41,7.67,8.08,207.21,9.18,0.2,13.07
86.71,36.44,4.75,6.24,0.69,2.99,9.62,0.01,13.78
80.85,37.36,2.91,5.53,3.35,169.07,1.7,0.63,9.85
78.05,38.46,2.18,4.64,3.14,287.23,5.79,0.32,0.2
89.17,38.34,2.9,6.13,6.36,177.08,3.73,0.97,11.12
60.87,36.11,2.58,6.48,3.56,292.89,4.54,0.19,6.69
62.73,36.41,3.79,8.05,1.49,93.21,2.62,0.35,9.05
110.32,36.33,1.41,7.95,5.96,325.26,6.2,0.36,10.39
116.23,37.81,1.77,4.42,8.14,235.37,9.62,0.01,5.6
76.13,38.04,4.47,6.37,3.82,84.31,5.53,0.84,14.67
68.95,36.53,4.73,5.09,1.32,94.69,1.75,0.03,2.14
95.08,37.26,4.46,4.94,1.97,251.21,6.58,0.94,10.74
78.61,38.1,2.1,8.96,2.37,331.98,4.06,0.89,0.07
51.78,37.83,3.9,4.25,3.0,166.25,8.7,0.54,14.79
60.93,37.36,2.38,6.52,6.43,103.32,4.91,0.54,1.8
100.12,37.48,2.49,5.01,6.01,346.8,2.74,0.65,1.52
96.12,37.27,1.02,9.28,6.96,267.71,2.72,0.39,5.33
51.9,36.74,2.96,7.34,3.63,179.23,7.92,0.65,5.98
65.54,37.41,0.93,5.39,8.24,195.16,3.39,0.04,3.43
66.18,37.72,1.66,7.01,2.04,81.7,7.91,0.05,9.36
97.03,38.18,4.28,8.39,4.69,250.72,2.85,0.46,7.09
51.38,37.59,1.04,9.75,8.01,143.5,3.9,0.55,0.55
57.29,37.9,0.36,5.32,1.8,398.26,5.19,0.89,5.11
105.99,36.4,0.35,9.32,1.1,192.07,9.49,0.1,12.97
62.5,37.15,4.7,9.61,8.84,194.35,9.39,0.82,11.04
95.69,36.02,2.53,9.5,3.43,226.34,2.86,0.21,11.6
66.67,36.62,2.05,7.81,6.84,366.7,4.22,0.39,11.17
56.96,37.82,4.05,7.78,0.25,320.33,2.34,0.32,4.98
67.02,38.48,4.18,6.42,6.9,180.45,5.59,0.4,1.59
100.56,36.25,1.66,8.51,3.16,287.48,5.15,0.15,4.36
109.9,37.0,3.47,7.19,0.56,234.49,9.11,0.5,13.31
108.12,38.0,3.86,8.06,6.1,196.95,9.37,0.8,15.69
77.8,36.51,3.27,6.57,2.41,76.93,4.45,0.44,7.9
96.77,37.39,0.76,8.39,3.87,185.57,5.43,0.49,0.16
64.35,37.83,4.38,8.95,0.81,98.33,9.07,0.85,2.24
70.52,37.54,2.7,4.88,1.47,365.94,8.26,0.71,5.15
112.74,36.47,1.41,9.0,2.98,134.16,1.03,0.49,9.26
50.91,36.89,2.13,7.24,0.9,380.91,3.88,0.26,1.2
55.99,37.96,0.19,9.07,9.11,213.22,4.8,0.88,15.09
64.55,37.39,0.64,6.59,0.06,252.62,3.07,0.58,5.84
51.86,36.01,3.83,6.27,4.84,217.18,2.8,0.22,14.6
62.7,37.9,0.0,9.49,1.23,51.75,1.34,0.27,12.49
90.81,36.09,2.08,5.51,3.08,150.33,6.79,0.8,12.09
79.5,37.86,2.61,9.07,9.26,39.66,3.36,0.04,9.71
112.49,36.51,0.27,6.9,1.62,249.18,1.47,0.99,10.03
107.22,38.4,4.87,7.08,9.66,178.75,3.08,0.13,10.21
73.93,36.92,1.13,5.85,2.06,311.19,8.22,0.8,10.06
68.16,36.82,1.52,7.44,7.42,88.19,8.66,0.39,8.86
76.58,36.37,1.52,5.95,5.47,65.83,5.35,0.49,15.78
91.32,36.76,1.15,4.24,8.84,162.53,4.74,0.88,11.72
68.76,38.19,0.01,5.63,5.54,370.63,9.8,0.41,12.43
93.69,38.49,3.65,4.04,5.35,284.17,2.81,0.54,13.96
78.66,36.92,4.83,9.87,1.95,167.57,2.94,0.05,3.45
88.64,37.12,1.12,9.79,1.66,206.91,3.63,0.0,1.34
80.53,37.81,3.32,6.37,9.16,33.69,2.55,0.24,7.73
70.61,38.22,3.71,8.37,3.28,393.83,4.41,0.68,8.23
116.39,37.48,4.24,6.07,3.72,266.56,9.2,0.12,13.27
103.45,36.98,2.11,8.03,7.6,114.16,6.54,0.11,7.1
59.81,37.03,1.51,8.83,3.39,234.32,4.71,0.41,9.13
110.79,37.74,1.63,9.68,9.52,43.79,9.41,0.65,8.43
84.12,36.01,3.56,6.4,7.38,386.33,1.44,0.71,0.61
112.62,37.55,4.08,8.7,5.97,69.91,2.89,0.18,9.84
105.99,36.89,0.91,5.6,8.81,259.21,6.09,0.08,13.25
79.76,37.99,1.85,9.94,0.5,98.18,6.54,0.94,2.52
51.57,36.23,4.51,4.15,2.57,287.02,1.36,0.26,9.51
68.81,37.47,4.03,7.62,4.65,310.73,4.63,0.85,9.5
87.91,37.2,4.92,7.96,2.27,269.37,6.84,0.86,2.63
94.34,37.61,3.77,8.13,7.44,245.8,7.28,0.77,1.98
68.05,36.16,1.97,4.72,9.19,356.99,6.74,0.17,15.68
59.75,37.45,2.95,9.63,4.24,31.45,3.89,0.82,6.3
108.45,37.4,3.31,5.09,3.42,132.37,1.84,0.77,3.64
118.91,37.4,0.39,7.74,9.62,99.31,4.84,0.6,2.74
86.8,37.51,2.72,5.34,4.45,395.21,2.16,0.34,10.68
62.02,37.69,3.55,5.84,4.89,155.76,9.53,0.26,9.75
69.06,38.01,0.84,7.28,3.52,293.05,5.28,0.12,10.3
51.29,36.67,3.9,6.5,9.1,273.89,3.86,0.51,1.41
114.0,38.06,2.92,4.96,5.69,84.83,7.9,0.59,14.3
58.24,37.25,4.76,5.03,7.62,95.6,5.48,0.36,6.23
90.36,36.19,0.21,6.51,8.12,112.51,3.79,0.48,5.01
69.18,36.15,1.33,8.54,3.42,164.45,8.31,0.36,7.4
88.79,36.84,3.01,9.39,4.34,93.73,8.8,0.64,6.24
95.6,37.96,1.48,4.5,8.48,7.86,7.06,0.9,13.82
108.08,37.77,3.57,6.36,3.63,351.76,1.42,0.16,14.87
64.45,37.97,3.8,4.6,7.94,386.24,6.1,0.38,4.86
50.77,37.29,0.51,4.1,9.41,136.63,7.87,0.14,13.82
59.58,37.1,2.57,7.97,6.23,135.4,2.23,0.62,12.5
113.0,36.37,2.54,7.61,7.42,2.84,3.06,0.73,14.89
111.17,36.82,1.85,4.98,8.05,272.1,8.94,0.93,3.93
91.82,37.09,4.66,5.4,8.45,330.18,1.18,0.28,9.23
92.04,36.22,4.14,4.14,3.95,58.64,7.77,0.95,4.39
96.55,36.55,3.49,9.01,0.51,63.87,5.26,0.06,13.19
62.28,37.5,3.57,9.85,4.02,316.03,5.02,0.6,0.09
114.01,37.84,2.31,4.81,6.74,246.52,1.06,0.06,9.04
79.31,38.5,4.6,5.39,4.5,17.94,8.37,0.89,5.43
76.82,38.33,3.47,9.21,7.49,249.02,4.24,0.53,5.16
86.32,37.61,3.64,9.56,3.57,123.57,5.87,0.67,10.32
53.29,37.05,4.31,6.52,6.35,147.49,7.1,0.83,13.62
61.64,37.59,1.37,4.3,1.86,307.89,7.32,0.15,9.75
101.66,37.96,4.04,4.24,7.49,324.37,9.6,0.04,13.65
55.8,36.3,0.98,7.44,5.46,160.14,5.78,0.88,4.23
92.22,37.02,1.73,6.36,2.04,378.86,4.6,0.31,8.31
67.17,38.1,1.68,4.17,2.92,162.59,9.58,0.13,7.21
77.25,36.96,4.89,7.5,7.49,308.73,6.78,0.47,0.19
70.21,37.43,4.28,4.07,4.83,193.55,3.68,0.6,8.91
74.9,37.47,3.51,8.72,2.16,359.01,2.14,0.03,10.58
100.33,36.46,3.64,5.84,9.67,363.1,8.58,0.27,9.47
70.8,36.91,2.81,4.24,7.15,34.97,4.26,0.03,11.78
89.65,36.84,4.74,7.53,9.57,374.6,6.94,0.42,9.14
83.32,36.07,2.48,6.39,4.27,330.21,5.24,0.9,1.07
96.46,36.06,1.9,9.84,4.75,316.52,2.79,0.98,1.86
115.58,38.08,0.82,7.27,8.98,80.36,6.42,0.64,9.54
101.28,36.68,3.93,5.65,5.25,322.05,1.55,0.16,4.4
65.05,37.3,3.67,8.26,7.07,340.05,4.72,0.91,1.27
52.18,36.75,1.92,5.63,2.52,115.66,5.92,0.52,6.87
68.36,38.35,0.13,9.43,4.47,380.9,4.92,0.15,8.87
91.66,36.65,4.19,6.25,1.23,19.94,7.74,0.92,5.26
53.6,37.07,0.06,7.3,2.06,59.96,8.45,0.76,11.53
84.75,38.18,3.52,4.3,0.01,215.03,7.94,0.73,10.3
91.78,38.1,4.85,6.56,0.39,230.32,1.35,0.71,5.33
73.4,36.47,2.19,8.99,9.77,258.06,2.75,0.2,12.08
103.96,38.01,1.17,8.83,2.42,6.79,5.83,0.21,10.38
57.46,37.15,3.52,5.35,6.63,384.15,9.41,0.69,10.2
55.26,37.21,4.09,5.36,8.39,17.84,8.51,0.22,8.85
100.97,36.33,2.73,8.9,5.51,57.22,8.58,0.44,0.18
84.68,36.2,4.84,9.58,1.53,5.61,3.73,0.78,11.14
98.19,37.82,0.26,4.57,7.28,226.74,4.87,0.78,6.02
80.44,37.24,2.52,6.7,6.0,372.91,5.24,0.45,15.08
67.25,37.09,3.59,6.02,7.31,266.38,2.42,0.79,13.09
107.34,37.82,4.31,9.22,7.7,329.06,1.28,0.84,9.4
105.96,37.91,0.9,4.5,9.75,5.31,9.52,0.65,4.03
98.63,36.4,4.0,5.27,5.74,216.81,3.17,0.23,3.26
69.05,37.53,2.76,8.51,3.42,183.83,3.16,0.27,5.45
91.32,36.34,1.98,4.31,6.48,199.59,1.75,0.31,7.63
75.27,37.88,0.66,6.96,0.68,28.89,9.36,0.12,4.74
56.41,37.64,4.33,6.65,8.97,273.77,6.22,0.27,8.24
114.21,38.39,0.79,6.01,1.19,201.29,7.0,0.21,2.65
59.58,36.17,1.55,6.37,3.28,306.06,9.2,0.46,15.64
116.52,36.14,1.45,7.18,8.16,194.12,4.11,0.91,1.73
81.22,36.71,4.36,4.97,5.97,59.75,6.59,0.1,14.91
